{"backedUpFiles":["/sdcard/FIRST/blocks/Strafer test 1.blk","/sdcard/FIRST/blocks/Strafer test 1.js","/sdcard/FIRST/blocks/Mechanum Drive Sample.blk","/sdcard/FIRST/blocks/Mechanum Drive Sample.js","/sdcard/FIRST/blocks/ArmTesting.blk","/sdcard/FIRST/blocks/ArmTesting.js","/sdcard/FIRST/blocks/ArmTestingTest.blk","/sdcard/FIRST/blocks/ArmTestingTest.js","/sdcard/FIRST/blocks/NewerProgram.blk","/sdcard/FIRST/blocks/NewerProgram.js","/sdcard/FIRST/blocks/Claw.blk","/sdcard/FIRST/blocks/Claw.js","/sdcard/FIRST/blocks/kjhtkuyffkkuyf.blk","/sdcard/FIRST/blocks/kjhtkuyffkkuyf.js","/sdcard/FIRST/blocks/sensor test.blk","/sdcard/FIRST/blocks/sensor test.js","/sdcard/FIRST/blocks/sensor test2.blk","/sdcard/FIRST/blocks/sensor test2.js","/sdcard/FIRST/blocks/sensor test 3.blk","/sdcard/FIRST/blocks/sensor test 3.js","/sdcard/FIRST/java/src/org/firstinspires/ftc/teamcode/FieldCentricMecanumTeleOpv2.java","/sdcard/FIRST/java/src/org/firstinspires/ftc/teamcode/StableV4Tele.java","/sdcard/FIRST/java/src/org/firstinspires/ftc/teamcode/MecanumDrivingSample.java","/sdcard/FIRST/java/src/org/firstinspires/ftc/teamcode/TestV2Auto.java","/sdcard/FIRST/java/src/org/firstinspires/ftc/teamcode/AutoV3.java","/sdcard/FIRST/java/src/org/firstinspires/ftc/teamcode/StableV4Tele_Copy.java","/sdcard/FIRST/java/src/org/firstinspires/ftc/teamcode/AutoV4CUSTOM.java","/sdcard/FIRST/java/src/org/firstinspires/ftc/teamcode/SimpleTele.java","/sdcard/FIRST/java/src/org/firstinspires/ftc/teamcode/StableV4Tele_Copy2.java","/sdcard/FIRST/java/src/org/firstinspires/ftc/teamcode/AutoV2DEFAULT.java","/sdcard/FIRST/java/src/org/firstinspires/ftc/teamcode/TeleV6.java","/sdcard/FIRST/java/src/org/firstinspires/ftc/teamcode/TeleV7.java","/sdcard/FIRST/java/src/org/firstinspires/ftc/teamcode/TeleV7_OneGamepad.java","/sdcard/FIRST/java/src/org/firstinspires/ftc/teamcode/AutoV5.java","/sdcard/FIRST/java/src/org/firstinspires/ftc/teamcode/AutoV6.java","/sdcard/FIRST/java/src/org/firstinspires/ftc/teamcode/AutoV7_RED.java","/sdcard/FIRST/java/src/org/firstinspires/ftc/teamcode/AutoV7_BLUE.java","/sdcard/FIRST/java/src/org/firstinspires/ftc/teamcode/autoV8BlueLeft.java","/sdcard/FIRST/java/src/org/firstinspires/ftc/teamcode/autoV8RedLeft.java","/sdcard/FIRST/java/src/org/firstinspires/ftc/teamcode/autoV8BlueRight.java","/sdcard/FIRST/java/src/org/firstinspires/ftc/teamcode/autoV8RedRight.java","/sdcard/FIRST/strafer config.xml","/sdcard/FIRST/configmcV1.xml","/sdcard/FIRST/config2.xml","/sdcard/FIRST/tflitemodels/model_20221104_152939.tflite","/sdcard/FIRST/tflitemodels/model_20221114_160506.tflite","/sdcard/FIRST/tflitemodels/model.tflite","/sdcard/FIRST/tflitemodels/model_20221205_155319.tflite","/sdcard/FIRST/tflitemodels/model_20230114_190010.tflite","/sdcard/FIRST/ExternalLibraries/core_2_0_1.aar","/sdcard/FIRST/ExternalLibraries/core_2_0_1_aar/dex/classes.dex","/sdcard/FIRST/ExternalLibraries/core_2_0_1_aar/proguard.txt","/sdcard/FIRST/ExternalLibraries/core_2_0_1_aar/R.txt","/sdcard/FIRST/ExternalLibraries/core_2_0_1_aar/AndroidManifest.xml","/sdcard/FIRST/ExternalLibraries/core_2_0_1_aar/classes.jar","/sdcard/FIRST/ExternalLibraries/core_2_0_1_aar/res/values/values.xml","/sdcard/FIRST/ExternalLibraries/core_2_0_1_aar/META-INF/com/android/build/gradle/aar-metadata.properties"],"deviceName":"Control Hub 5126-A-RC","modifiedTimes":[{"fileName":"/sdcard/FIRST/blocks/Mechanum Drive Sample.js","time":"date: Can't stat /sdcard/FIRST/blocks/Mechanum: No such file or directory"},{"fileName":"/sdcard/FIRST/blocks/ArmTesting.blk","time":"Fri Nov 18 16:07:01 CST 2022"},{"fileName":"/sdcard/FIRST/blocks/Strafer test 1.blk","time":"date: Can't stat /sdcard/FIRST/blocks/Strafer: No such file or directory"},{"fileName":"/sdcard/FIRST/blocks/Strafer test 1.js","time":"date: Can't stat /sdcard/FIRST/blocks/Strafer: No such file or directory"},{"fileName":"/sdcard/FIRST/blocks/Mechanum Drive Sample.blk","time":"date: Can't stat /sdcard/FIRST/blocks/Mechanum: No such file or directory"},{"fileName":"/sdcard/FIRST/blocks/Claw.blk","time":"Fri Dec 16 17:58:48 CST 2022"},{"fileName":"/sdcard/FIRST/blocks/Claw.js","time":"Sat Nov 19 10:05:43 CST 2022"},{"fileName":"/sdcard/FIRST/blocks/NewerProgram.js","time":"Fri Nov 18 16:55:33 CST 2022"},{"fileName":"/sdcard/FIRST/blocks/ArmTestingTest.js","time":"Fri Nov 18 16:26:06 CST 2022"},{"fileName":"/sdcard/FIRST/blocks/NewerProgram.blk","time":"Sat Nov 19 08:58:46 CST 2022"},{"fileName":"/sdcard/FIRST/blocks/ArmTesting.js","time":"Fri Nov 18 16:06:20 CST 2022"},{"fileName":"/sdcard/FIRST/blocks/ArmTestingTest.blk","time":"Fri Dec 16 17:58:47 CST 2022"},{"fileName":"/sdcard/FIRST/blocks/sensor test2.blk","time":"date: Can't stat /sdcard/FIRST/blocks/sensor: No such file or directory"},{"fileName":"/sdcard/FIRST/blocks/sensor test 3.js","time":"date: Can't stat /sdcard/FIRST/blocks/sensor: No such file or directory"},{"fileName":"/sdcard/FIRST/java/src/org/firstinspires/ftc/teamcode/FieldCentricMecanumTeleOpv2.java","time":"Fri Dec 16 17:57:23 CST 2022"},{"fileName":"/sdcard/FIRST/blocks/sensor test2.js","time":"date: Can't stat /sdcard/FIRST/blocks/sensor: No such file or directory"},{"fileName":"/sdcard/FIRST/blocks/sensor test 3.blk","time":"date: Can't stat /sdcard/FIRST/blocks/sensor: No such file or directory"},{"fileName":"/sdcard/FIRST/blocks/sensor test.js","time":"date: Can't stat /sdcard/FIRST/blocks/sensor: No such file or directory"},{"fileName":"/sdcard/FIRST/blocks/sensor test.blk","time":"date: Can't stat /sdcard/FIRST/blocks/sensor: No such file or directory"},{"fileName":"/sdcard/FIRST/java/src/org/firstinspires/ftc/teamcode/TeleV7_OneGamepad.java","time":"Fri Dec 30 10:40:50 CST 2022"},{"fileName":"/sdcard/FIRST/blocks/kjhtkuyffkkuyf.js","time":"Fri Dec 16 16:04:20 CST 2022"},{"fileName":"/sdcard/FIRST/java/src/org/firstinspires/ftc/teamcode/TeleV6.java","time":"Fri Dec 23 14:02:59 CST 2022"},{"fileName":"/sdcard/FIRST/java/src/org/firstinspires/ftc/teamcode/TeleV7.java","time":"Sun Jan 15 11:29:23 CST 2023"},{"fileName":"/sdcard/FIRST/java/src/org/firstinspires/ftc/teamcode/AutoV4CUSTOM.java","time":"Mon Jan 16 14:45:58 CST 2023"},{"fileName":"/sdcard/FIRST/java/src/org/firstinspires/ftc/teamcode/StableV4Tele_Copy2.java","time":"Sat Dec 17 16:15:16 CST 2022"},{"fileName":"/sdcard/FIRST/java/src/org/firstinspires/ftc/teamcode/AutoV2DEFAULT.java","time":"Sat Jan  7 09:08:10 CST 2023"},{"fileName":"/sdcard/FIRST/blocks/kjhtkuyffkkuyf.blk","time":"Fri Dec 16 17:58:47 CST 2022"},{"fileName":"/sdcard/FIRST/java/src/org/firstinspires/ftc/teamcode/SimpleTele.java","time":"Mon Jan 16 12:28:38 CST 2023"},{"fileName":"/sdcard/FIRST/java/src/org/firstinspires/ftc/teamcode/MecanumDrivingSample.java","time":"Sat Nov 19 08:58:21 CST 2022"},{"fileName":"/sdcard/FIRST/java/src/org/firstinspires/ftc/teamcode/AutoV3.java","time":"Mon Jan 16 14:45:48 CST 2023"},{"fileName":"/sdcard/FIRST/java/src/org/firstinspires/ftc/teamcode/StableV4Tele_Copy.java","time":"Fri Dec 16 17:57:22 CST 2022"},{"fileName":"/sdcard/FIRST/tflitemodels/model_20221205_155319.tflite","time":"Mon Dec  5 16:00:11 CST 2022"},{"fileName":"/sdcard/FIRST/java/src/org/firstinspires/ftc/teamcode/TestV2Auto.java","time":"Sat Nov 19 13:17:05 CST 2022"},{"fileName":"/sdcard/FIRST/tflitemodels/model_20221114_160506.tflite","time":"Mon Nov 14 16:06:39 CST 2022"},{"fileName":"/sdcard/FIRST/tflitemodels/model.tflite","time":"Sat Dec  3 11:13:35 CST 2022"},{"fileName":"/sdcard/FIRST/config2.xml","time":"Fri Jan 13 18:52:04 CST 2023"},{"fileName":"/sdcard/FIRST/configmcV1.xml","time":"Sat Dec  3 09:39:03 CST 2022"},{"fileName":"/sdcard/FIRST/tflitemodels/model_20221104_152939.tflite","time":"Fri Nov  4 16:22:00 CDT 2022"},{"fileName":"/sdcard/FIRST/java/src/org/firstinspires/ftc/teamcode/StableV4Tele.java","time":"Sat Dec 17 15:01:52 CST 2022"},{"fileName":"/sdcard/FIRST/java/src/org/firstinspires/ftc/teamcode/AutoV7_BLUE.java","time":"Wed Jan 25 16:09:48 CST 2023"},{"fileName":"/sdcard/FIRST/java/src/org/firstinspires/ftc/teamcode/autoV8RedLeft.java","time":"Mon Feb  6 17:29:48 CST 2023"},{"fileName":"/sdcard/FIRST/java/src/org/firstinspires/ftc/teamcode/autoV8RedRight.java","time":"Mon Feb  6 17:29:47 CST 2023"},{"fileName":"/sdcard/FIRST/java/src/org/firstinspires/ftc/teamcode/autoV8BlueLeft.java","time":"Mon Feb  6 17:41:58 CST 2023"},{"fileName":"/sdcard/FIRST/java/src/org/firstinspires/ftc/teamcode/AutoV6.java","time":"Mon Jan 16 14:46:16 CST 2023"},{"fileName":"/sdcard/FIRST/java/src/org/firstinspires/ftc/teamcode/AutoV7_RED.java","time":"Wed Jan 25 16:09:48 CST 2023"},{"fileName":"/sdcard/FIRST/java/src/org/firstinspires/ftc/teamcode/AutoV5.java","time":"Mon Jan 16 14:46:08 CST 2023"},{"fileName":"/sdcard/FIRST/strafer config.xml","time":"date: Can't stat /sdcard/FIRST/strafer: No such file or directory"},{"fileName":"/sdcard/FIRST/ExternalLibraries/core_2_0_1_aar/META-INF/com/android/build/gradle/aar-metadata.properties","time":"Sun Oct 30 13:58:13 CDT 2022"},{"fileName":"/sdcard/FIRST/java/src/org/firstinspires/ftc/teamcode/autoV8BlueRight.java","time":"Mon Feb  6 17:29:50 CST 2023"},{"fileName":"/sdcard/FIRST/ExternalLibraries/core_2_0_1_aar/AndroidManifest.xml","time":"Sun Oct 30 13:58:13 CDT 2022"},{"fileName":"/sdcard/FIRST/ExternalLibraries/core_2_0_1_aar/res/values/values.xml","time":"Sun Oct 30 13:58:13 CDT 2022"},{"fileName":"/sdcard/FIRST/ExternalLibraries/core_2_0_1_aar/R.txt","time":"Sun Oct 30 13:58:13 CDT 2022"},{"fileName":"/sdcard/FIRST/ExternalLibraries/core_2_0_1_aar/classes.jar","time":"Sun Oct 30 13:58:13 CDT 2022"},{"fileName":"/sdcard/FIRST/ExternalLibraries/core_2_0_1_aar/dex/classes.dex","time":"Sun Oct 30 13:58:24 CDT 2022"},{"fileName":"/sdcard/FIRST/ExternalLibraries/core_2_0_1.aar","time":"Sun Oct 30 13:58:13 CDT 2022"},{"fileName":"/sdcard/FIRST/tflitemodels/model_20230114_190010.tflite","time":"Sat Jan 14 19:18:09 CST 2023"},{"fileName":"/sdcard/FIRST/ExternalLibraries/core_2_0_1_aar/proguard.txt","time":"Sun Oct 30 13:58:13 CDT 2022"}]}