<?xml version='1.0' encoding='UTF-8' standalone='yes' ?>
<Robot type="FirstInspires-FTC">
    <LynxUsbDevice name="Control Hub Portal" serialNumber="(embedded)" parentModuleAddress="173">
        <LynxModule name="Expansion Hub 2" port="173">
            <RevRoboticsCoreHexMotor name="m1" port="0" />
            <RevRoboticsCoreHexMotor name="m2" port="1" />
            <RevRoboticsCoreHexMotor name="m3" port="2" />
            <LynxEmbeddedIMU name="imu" port="0" bus="0" />
        </LynxModule>
    </LynxUsbDevice>
</Robot>
