{"backedUpFiles":["/sdcard/FIRST/blocks/Motor Test.blk","/sdcard/FIRST/blocks/Motor Test.js","/sdcard/FIRST/blocks/FTCLib Test.blk","/sdcard/FIRST/blocks/FTCLib Test.js","/sdcard/FIRST/java/src/org/firstinspires/ftc/teamcode/KiwiDrivingSample.java","/sdcard/FIRST/java/src/org/firstinspires/ftc/teamcode/KiwiDrivingSampleRobotCentric.java","/sdcard/FIRST/java/src/org/firstinspires/ftc/teamcode/KiwiDrivingSampleFieldCentric.java","/sdcard/FIRST/java/src/com/arcrobotics/ftclib/drivebase/KiwiDrive.java","/sdcard/FIRST/java/src/com/arcrobotics/ftclib/geometry/Vector2dDebug.java","/sdcard/FIRST/config uno.xml","/sdcard/FIRST/ExternalLibraries/core_2_0_1.aar","/sdcard/FIRST/ExternalLibraries/core_2_0_1_aar/dex/classes.dex","/sdcard/FIRST/ExternalLibraries/core_2_0_1_aar/proguard.txt","/sdcard/FIRST/ExternalLibraries/core_2_0_1_aar/R.txt","/sdcard/FIRST/ExternalLibraries/core_2_0_1_aar/AndroidManifest.xml","/sdcard/FIRST/ExternalLibraries/core_2_0_1_aar/classes.jar","/sdcard/FIRST/ExternalLibraries/core_2_0_1_aar/res/values/values.xml","/sdcard/FIRST/ExternalLibraries/core_2_0_1_aar/META-INF/com/android/build/gradle/aar-metadata.properties"],"deviceName":"Control Hub FTC-aVZ3","modifiedTimes":[{"fileName":"/sdcard/FIRST/blocks/FTCLib Test.blk","time":"date: Can't stat /sdcard/FIRST/blocks/FTCLib: No such file or directory"},{"fileName":"/sdcard/FIRST/blocks/Motor Test.blk","time":"date: Can't stat /sdcard/FIRST/blocks/Motor: No such file or directory"},{"fileName":"/sdcard/FIRST/blocks/Motor Test.js","time":"date: Can't stat /sdcard/FIRST/blocks/Motor: No such file or directory"},{"fileName":"/sdcard/FIRST/java/src/com/arcrobotics/ftclib/drivebase/KiwiDrive.java","time":"Tue May 17 07:01:38 CDT 2022"},{"fileName":"/sdcard/FIRST/java/src/org/firstinspires/ftc/teamcode/KiwiDrivingSampleFieldCentric.java","time":"Tue May 17 12:56:16 CDT 2022"},{"fileName":"/sdcard/FIRST/java/src/org/firstinspires/ftc/teamcode/KiwiDrivingSample.java","time":"Tue May 17 13:05:27 CDT 2022"},{"fileName":"/sdcard/FIRST/java/src/org/firstinspires/ftc/teamcode/KiwiDrivingSampleRobotCentric.java","time":"Tue May 17 12:54:32 CDT 2022"},{"fileName":"/sdcard/FIRST/ExternalLibraries/core_2_0_1_aar/AndroidManifest.xml","time":"Sun May 15 20:31:09 CDT 2022"},{"fileName":"/sdcard/FIRST/ExternalLibraries/core_2_0_1_aar/classes.jar","time":"Sun May 15 20:31:10 CDT 2022"},{"fileName":"/sdcard/FIRST/blocks/FTCLib Test.js","time":"date: Can't stat /sdcard/FIRST/blocks/FTCLib: No such file or directory"},{"fileName":"/sdcard/FIRST/ExternalLibraries/core_2_0_1.aar","time":"Sun May 15 20:31:09 CDT 2022"},{"fileName":"/sdcard/FIRST/ExternalLibraries/core_2_0_1_aar/proguard.txt","time":"Sun May 15 20:31:09 CDT 2022"},{"fileName":"/sdcard/FIRST/ExternalLibraries/core_2_0_1_aar/R.txt","time":"Sun May 15 20:31:09 CDT 2022"},{"fileName":"/sdcard/FIRST/ExternalLibraries/core_2_0_1_aar/dex/classes.dex","time":"Sun May 15 20:31:26 CDT 2022"},{"fileName":"/sdcard/FIRST/config uno.xml","time":"date: Can't stat /sdcard/FIRST/config: No such file or directory"},{"fileName":"/sdcard/FIRST/ExternalLibraries/core_2_0_1_aar/res/values/values.xml","time":"Sun May 15 20:31:10 CDT 2022"},{"fileName":"/sdcard/FIRST/ExternalLibraries/core_2_0_1_aar/META-INF/com/android/build/gradle/aar-metadata.properties","time":"Sun May 15 20:31:10 CDT 2022"},{"fileName":"/sdcard/FIRST/java/src/com/arcrobotics/ftclib/geometry/Vector2dDebug.java","time":"Tue May 17 06:01:13 CDT 2022"}]}