<?xml version='1.0' encoding='UTF-8' standalone='yes' ?>
<Robot type="FirstInspires-FTC">
    <LynxUsbDevice name="Control Hub Portal" serialNumber="(embedded)" parentModuleAddress="173">
        <LynxModule name="Expansion Hub 2" port="2">
            <goBILDA5202SeriesMotor name="MotorSlide" port="0" />
            <RevColorSensorV3 name="color2" port="0" bus="1" />
        </LynxModule>
        <LynxModule name="Control Hub" port="173">
            <goBILDA5202SeriesMotor name="Motor0" port="0" />
            <goBILDA5202SeriesMotor name="Motor1" port="1" />
            <goBILDA5202SeriesMotor name="Motor2" port="2" />
            <goBILDA5202SeriesMotor name="Motor3" port="3" />
            <ContinuousRotationServo name="left" port="0" />
            <ContinuousRotationServo name="right" port="1" />
            <Led name="poleLED1" port="1" />
            <LynxEmbeddedIMU name="imu" port="0" bus="0" />
            <REV_VL53L0X_RANGE_SENSOR name="arm distance" port="1" bus="1" />
            <REV_VL53L0X_RANGE_SENSOR name="control distance" port="2" bus="2" />
            <RevColorSensorV3 name="color1" port="0" bus="3" />
        </LynxModule>
    </LynxUsbDevice>
    <Webcam name="Webcam 1" serialNumber="62A2B700" />
</Robot>
