{"backedUpFiles":["/sdcard/FIRST/blocks/Strafer test 1.blk","/sdcard/FIRST/blocks/Strafer test 1.js","/sdcard/FIRST/blocks/Mechanum Drive Sample.blk","/sdcard/FIRST/blocks/Mechanum Drive Sample.js","/sdcard/FIRST/blocks/ArmTesting.blk","/sdcard/FIRST/blocks/ArmTesting.js","/sdcard/FIRST/blocks/ArmTestingTest.blk","/sdcard/FIRST/blocks/ArmTestingTest.js","/sdcard/FIRST/blocks/NewerProgram.blk","/sdcard/FIRST/blocks/NewerProgram.js","/sdcard/FIRST/blocks/Claw.blk","/sdcard/FIRST/blocks/Claw.js","/sdcard/FIRST/blocks/kjhtkuyffkkuyf.blk","/sdcard/FIRST/blocks/kjhtkuyffkkuyf.js","/sdcard/FIRST/blocks/sensor test.blk","/sdcard/FIRST/blocks/sensor test.js","/sdcard/FIRST/blocks/sensor test2.blk","/sdcard/FIRST/blocks/sensor test2.js","/sdcard/FIRST/blocks/sensor test 3.blk","/sdcard/FIRST/blocks/sensor test 3.js","/sdcard/FIRST/blocks/Sensor Debug.blk","/sdcard/FIRST/blocks/Sensor Debug.js","/sdcard/FIRST/java/src/org/firstinspires/ftc/teamcode/AutoV9RedRight.java","/sdcard/FIRST/java/src/org/firstinspires/ftc/teamcode/AutoV10RedRight.java","/sdcard/FIRST/java/src/org/firstinspires/ftc/teamcode/AutoV10RedLeft.java","/sdcard/FIRST/java/src/org/firstinspires/ftc/teamcode/autoV8RedLeft.java","/sdcard/FIRST/java/src/org/firstinspires/ftc/teamcode/TeleV8.java","/sdcard/FIRST/java/src/org/firstinspires/ftc/teamcode/autoV8BlueLeft.java","/sdcard/FIRST/java/src/org/firstinspires/ftc/teamcode/autoV8BlueRight.java","/sdcard/FIRST/java/src/org/firstinspires/ftc/teamcode/autoV8RedRight.java","/sdcard/FIRST/java/src/org/firstinspires/ftc/teamcode/AutoV9RedLeft.java","/sdcard/FIRST/java/src/org/firstinspires/ftc/teamcode/autov9RedTest.java","/sdcard/FIRST/strafer config.xml","/sdcard/FIRST/configmcV1.xml","/sdcard/FIRST/config2.xml","/sdcard/FIRST/activeConfig.xml","/sdcard/FIRST/activeConfigcolor.xml","/sdcard/FIRST/tflitemodels/model_20221104_152939.tflite","/sdcard/FIRST/tflitemodels/model_20221114_160506.tflite","/sdcard/FIRST/tflitemodels/model.tflite","/sdcard/FIRST/tflitemodels/model_20221205_155319.tflite","/sdcard/FIRST/tflitemodels/model_20230114_190010.tflite"],"deviceName":"Control Hub 5126-A-RC","modifiedTimes":[{"fileName":"/sdcard/FIRST/blocks/Strafer test 1.blk","time":"date: Can't stat /sdcard/FIRST/blocks/Strafer: No such file or directory"},{"fileName":"/sdcard/FIRST/blocks/ArmTesting.blk","time":"Fri Nov 18 16:07:01 CST 2022"},{"fileName":"/sdcard/FIRST/blocks/Mechanum Drive Sample.blk","time":"date: Can't stat /sdcard/FIRST/blocks/Mechanum: No such file or directory"},{"fileName":"/sdcard/FIRST/blocks/Mechanum Drive Sample.js","time":"date: Can't stat /sdcard/FIRST/blocks/Mechanum: No such file or directory"},{"fileName":"/sdcard/FIRST/blocks/Strafer test 1.js","time":"date: Can't stat /sdcard/FIRST/blocks/Strafer: No such file or directory"},{"fileName":"/sdcard/FIRST/blocks/ArmTestingTest.blk","time":"Fri Dec 16 17:58:47 CST 2022"},{"fileName":"/sdcard/FIRST/blocks/Claw.blk","time":"Fri Dec 16 17:58:48 CST 2022"},{"fileName":"/sdcard/FIRST/blocks/ArmTesting.js","time":"Fri Nov 18 16:06:20 CST 2022"},{"fileName":"/sdcard/FIRST/blocks/Claw.js","time":"Sat Nov 19 10:05:43 CST 2022"},{"fileName":"/sdcard/FIRST/blocks/ArmTestingTest.js","time":"Fri Nov 18 16:26:06 CST 2022"},{"fileName":"/sdcard/FIRST/blocks/NewerProgram.js","time":"Fri Nov 18 16:55:33 CST 2022"},{"fileName":"/sdcard/FIRST/blocks/NewerProgram.blk","time":"Sat Nov 19 08:58:46 CST 2022"},{"fileName":"/sdcard/FIRST/blocks/sensor test.js","time":"date: Can't stat /sdcard/FIRST/blocks/sensor: No such file or directory"},{"fileName":"/sdcard/FIRST/blocks/kjhtkuyffkkuyf.blk","time":"Fri Dec 16 17:58:47 CST 2022"},{"fileName":"/sdcard/FIRST/blocks/kjhtkuyffkkuyf.js","time":"Fri Dec 16 16:04:20 CST 2022"},{"fileName":"/sdcard/FIRST/blocks/sensor test.blk","time":"date: Can't stat /sdcard/FIRST/blocks/sensor: No such file or directory"},{"fileName":"/sdcard/FIRST/blocks/sensor test2.blk","time":"date: Can't stat /sdcard/FIRST/blocks/sensor: No such file or directory"},{"fileName":"/sdcard/FIRST/blocks/Sensor Debug.js","time":"date: Can't stat /sdcard/FIRST/blocks/Sensor: No such file or directory"},{"fileName":"/sdcard/FIRST/java/src/org/firstinspires/ftc/teamcode/AutoV9RedRight.java","time":"Thu Mar  2 13:38:13 CST 2023"},{"fileName":"/sdcard/FIRST/blocks/Sensor Debug.blk","time":"date: Can't stat /sdcard/FIRST/blocks/Sensor: No such file or directory"},{"fileName":"/sdcard/FIRST/java/src/org/firstinspires/ftc/teamcode/autoV8RedRight.java","time":"Sun Feb 26 15:32:11 CST 2023"},{"fileName":"/sdcard/FIRST/blocks/sensor test 3.js","time":"date: Can't stat /sdcard/FIRST/blocks/sensor: No such file or directory"},{"fileName":"/sdcard/FIRST/blocks/sensor test 3.blk","time":"date: Can't stat /sdcard/FIRST/blocks/sensor: No such file or directory"},{"fileName":"/sdcard/FIRST/java/src/org/firstinspires/ftc/teamcode/autoV8BlueRight.java","time":"Sun Feb 26 14:07:40 CST 2023"},{"fileName":"/sdcard/FIRST/java/src/org/firstinspires/ftc/teamcode/TeleV8.java","time":"Thu Mar  2 15:37:30 CST 2023"},{"fileName":"/sdcard/FIRST/blocks/sensor test2.js","time":"date: Can't stat /sdcard/FIRST/blocks/sensor: No such file or directory"},{"fileName":"/sdcard/FIRST/java/src/org/firstinspires/ftc/teamcode/AutoV10RedLeft.java","time":"Thu Mar  2 15:54:47 CST 2023"},{"fileName":"/sdcard/FIRST/java/src/org/firstinspires/ftc/teamcode/autoV8RedLeft.java","time":"Wed Mar  1 18:31:36 CST 2023"},{"fileName":"/sdcard/FIRST/java/src/org/firstinspires/ftc/teamcode/autoV8BlueLeft.java","time":"Sun Feb 26 14:07:35 CST 2023"},{"fileName":"/sdcard/FIRST/java/src/org/firstinspires/ftc/teamcode/AutoV10RedRight.java","time":"Thu Mar  2 16:20:17 CST 2023"},{"fileName":"/sdcard/FIRST/activeConfig.xml","time":"Wed Feb 22 16:59:43 CST 2023"},{"fileName":"/sdcard/FIRST/config2.xml","time":"Fri Jan 13 18:52:04 CST 2023"},{"fileName":"/sdcard/FIRST/strafer config.xml","time":"date: Can't stat /sdcard/FIRST/strafer: No such file or directory"},{"fileName":"/sdcard/FIRST/configmcV1.xml","time":"Sat Dec  3 09:39:03 CST 2022"},{"fileName":"/sdcard/FIRST/tflitemodels/model.tflite","time":"Sat Dec  3 11:13:35 CST 2022"},{"fileName":"/sdcard/FIRST/java/src/org/firstinspires/ftc/teamcode/AutoV9RedLeft.java","time":"Tue Feb 28 16:15:55 CST 2023"},{"fileName":"/sdcard/FIRST/java/src/org/firstinspires/ftc/teamcode/autov9RedTest.java","time":"Wed Mar  1 17:01:22 CST 2023"},{"fileName":"/sdcard/FIRST/tflitemodels/model_20230114_190010.tflite","time":"Sat Jan 14 19:18:09 CST 2023"},{"fileName":"/sdcard/FIRST/tflitemodels/model_20221104_152939.tflite","time":"Fri Nov  4 16:22:00 CDT 2022"},{"fileName":"/sdcard/FIRST/tflitemodels/model_20221114_160506.tflite","time":"Mon Nov 14 16:06:39 CST 2022"},{"fileName":"/sdcard/FIRST/tflitemodels/model_20221205_155319.tflite","time":"Mon Dec  5 16:00:11 CST 2022"},{"fileName":"/sdcard/FIRST/activeConfigcolor.xml","time":"Wed Feb 22 16:26:51 CST 2023"}]}